{
    "blend": {
        "func": "add",
        "srcrgb": "srcalpha",
        "dstrgb": "1-srcalpha"
    },
    "vertex": "ldlib:particle",
    "fragment": "ldlib:fancy_trail",
    "attributes": [
        "Position",
        "UV0",
        "Color",
				"UV2"
    ],
    "samplers": [
		    { "name": "Sampler0" },
		    { "name": "Sampler2" }
    ],
    "uniforms": [
        { "name": "ModelViewMat", "type": "matrix4x4", "count": 16, "values": [ 1.0, 0.0, 0.0, 0.0, 0.0, 1.0, 0.0, 0.0, 0.0, 0.0, 1.0, 0.0, 0.0, 0.0, 0.0, 1.0 ] },
        { "name": "ProjMat", "type": "matrix4x4", "count": 16, "values": [ 1.0, 0.0, 0.0, 0.0, 0.0, 1.0, 0.0, 0.0, 0.0, 0.0, 1.0, 0.0, 0.0, 0.0, 0.0, 1.0 ] },
        { "name": "FogShape", "type": "int", "count": 1, "values": [ 0 ] },
				{ "name": "GameTime", "type": "float", "count": 1, "values": [ 1.0 ] },
				{ "name": "color1", "type": "float", "count": 4, "values": [ 0.3, 0.4, 0.8, 1.0 ] }
    ]
}
